КЕТЧУПЫ,МАКАРОНЫ,ЧАЙ,,
МАКАРОНЫ,МЕД,ЧАЙ,,
КЕТЧУПЫ,МАКАРОНЫ,СЫРЫ,,
КЕТЧУПЫ,МАКАРОНЫ,СЫРЫ,,
КЕТЧУПЫ,МАКАРОНЫ,ЧАЙ,,
МАКАРОНЫ,МЕД,ЧАЙ,,
КЕТЧУПЫ,МАКАРОНЫ,ЧАЙ,,
СЫРЫ,МЕД,ЧАЙ,,
ВАФЛИ,СЫРЫ,ЧАЙ,,
КЕТЧУПЫ,МАКАРОНЫ,СЫРЫ,,
ВАФЛИ,КЕТЧУПЫ,ЧАЙ,,
ВАФЛИ,СУХАРИ,ЧАЙ,,
КЕТЧУПЫ,МЕД,ЧАЙ,,
КЕТЧУПЫ,МАКАРОНЫ,СЫРЫ,,
ЧАЙ,МЕД,СЫРЫ,,
КЕТЧУПЫ,МАКАРОНЫ,ЧАЙ,,
МЕД,СУХАРИ,ЧАЙ,,
КЕТЧУПЫ,МАКАРОНЫ,ЧАЙ,,
ВАФЛИ,СУХАРИ,ЧАЙ,,
КЕТЧУПЫ,СЫРЫ,ЧАЙ,,
КЕТЧУПЫ,МАКАРОНЫ,СЫРЫ,,
ВАФЛИ,МЕД,ЧАЙ,,
ВАФЛИ,СУХАРИ,ЧАЙ,,
ВАФЛИ,МАКАРОНЫ,СУХАРИ,,
КЕТЧУПЫ,МАКАРОНЫ,МЕД,,
СУХАРИ,МЕД,ЧАЙ,,
КЕТЧУПЫ,МАКАРОНЫ,СЫРЫ,,
КЕТЧУПЫ,МАКАРОНЫ,МЕД,,
КЕТЧУПЫ,МАКАРОНЫ,МЕД,,
КЕТЧУПЫ,МАКАРОНЫ,МЕД,,
ВАФЛИ,ЧАЙ,СУХАРИ,,
КЕТЧУПЫ,МАКАРОНЫ,МЕД,ЧАЙ,
КЕТЧУПЫ,МАКАРОНЫ,МЕД,ЧАЙ,
КЕТЧУПЫ,МАКАРОНЫ,СЫРЫ,ЧАЙ,
ВАФЛИ,СУХАРИ,СЫРЫ,ЧАЙ,
ЧАЙ,МАКАРОНЫ,СУХАРИ,СЫРЫ,
МЕД,СУХАРИ,СЫРЫ,ЧАЙ,
ВАФЛИ,МЕД,СЫРЫ,ЧАЙ,
ВАФЛИ,МЕД,СУХАРИ,ЧАЙ,
ЧАЙ,ВАФЛИ,МЕД,СУХАРИ,
ВАФЛИ,МЕД,СУХАРИ,СЫРЫ,ЧАЙ
КЕТЧУПЫ,МАКАРОНЫ,МЕД,СЫРЫ,ЧАЙ
КЕТЧУПЫ,МАКАРОНЫ,МЕД,СЫРЫ,ЧАЙ
ВАФЛИ,СЫРЫ,МЕД,СУХАРИ,ЧАЙ